-- phpMyAdmin SQL Dump
-- version 5.0.3
-- https://www.phpmyadmin.net/
--
-- Host: 127.0.0.1
-- Generation Time: Dec 08, 2020 at 03:16 AM
-- Server version: 10.4.14-MariaDB
-- PHP Version: 7.4.11

SET SQL_MODE = "NO_AUTO_VALUE_ON_ZERO";
START TRANSACTION;
SET time_zone = "+00:00";


/*!40101 SET @OLD_CHARACTER_SET_CLIENT=@@CHARACTER_SET_CLIENT */;
/*!40101 SET @OLD_CHARACTER_SET_RESULTS=@@CHARACTER_SET_RESULTS */;
/*!40101 SET @OLD_COLLATION_CONNECTION=@@COLLATION_CONNECTION */;
/*!40101 SET NAMES utf8mb4 */;

--
-- Database: `ajaxcrud`
--
CREATE DATABASE IF NOT EXISTS `ajaxcrud` DEFAULT CHARACTER SET utf8mb4 COLLATE utf8mb4_general_ci;
USE `ajaxcrud`;

-- --------------------------------------------------------

--
-- Table structure for table `mytable`
--

CREATE TABLE `mytable` (
  `id` int(11) NOT NULL,
  `Firstname` varchar(255) NOT NULL,
  `lastname` varchar(255) NOT NULL,
  `email` varchar(255) NOT NULL,
  `mobile` varchar(255) NOT NULL
) ENGINE=InnoDB DEFAULT CHARSET=utf8mb4;

--
-- Indexes for dumped tables
--

--
-- Indexes for table `mytable`
--
ALTER TABLE `mytable`
  ADD PRIMARY KEY (`id`);

--
-- AUTO_INCREMENT for dumped tables
--

--
-- AUTO_INCREMENT for table `mytable`
--
ALTER TABLE `mytable`
  MODIFY `id` int(11) NOT NULL AUTO_INCREMENT;
--
-- Database: `crud`
--
CREATE DATABASE IF NOT EXISTS `crud` DEFAULT CHARACTER SET utf8mb4 COLLATE utf8mb4_general_ci;
USE `crud`;

-- --------------------------------------------------------

--
-- Table structure for table `users`
--

CREATE TABLE `users` (
  `id` int(11) NOT NULL,
  `name` varchar(255) NOT NULL,
  `email` varchar(255) NOT NULL,
  `phone` varchar(255) NOT NULL,
  `message` varchar(255) NOT NULL
) ENGINE=InnoDB DEFAULT CHARSET=utf8mb4;

--
-- Dumping data for table `users`
--

INSERT INTO `users` (`id`, `name`, `email`, `phone`, `message`) VALUES
(3, 'Gold Rogerh', 'roger@gmail.com', '8076298443', 'one piece exist'),
(27, 'lokesh Garia', 'lokeshgaria8811@gmail.com', '8076298443', 'king ');

--
-- Indexes for dumped tables
--

--
-- Indexes for table `users`
--
ALTER TABLE `users`
  ADD PRIMARY KEY (`id`);

--
-- AUTO_INCREMENT for dumped tables
--

--
-- AUTO_INCREMENT for table `users`
--
ALTER TABLE `users`
  MODIFY `id` int(11) NOT NULL AUTO_INCREMENT, AUTO_INCREMENT=29;
--
-- Database: `csc`
--
CREATE DATABASE IF NOT EXISTS `csc` DEFAULT CHARACTER SET utf8mb4 COLLATE utf8mb4_general_ci;
USE `csc`;

-- --------------------------------------------------------

--
-- Table structure for table `country`
--

CREATE TABLE `country` (
  `id` int(11) NOT NULL,
  `name` varchar(255) NOT NULL
) ENGINE=InnoDB DEFAULT CHARSET=utf8mb4;

--
-- Dumping data for table `country`
--

INSERT INTO `country` (`id`, `name`) VALUES
(1, 'india'),
(2, 'pakistan\r\n');

-- --------------------------------------------------------

--
-- Table structure for table `state`
--

CREATE TABLE `state` (
  `id` int(11) NOT NULL,
  `name` varchar(255) NOT NULL,
  `country_id` int(11) NOT NULL
) ENGINE=InnoDB DEFAULT CHARSET=utf8mb4;

--
-- Dumping data for table `state`
--

INSERT INTO `state` (`id`, `name`, `country_id`) VALUES
(1, 'delhi', 1),
(2, 'haryana', 1),
(3, 'karachi', 2),
(4, 'islamabad', 2);

--
-- Indexes for dumped tables
--

--
-- Indexes for table `country`
--
ALTER TABLE `country`
  ADD PRIMARY KEY (`id`);

--
-- Indexes for table `state`
--
ALTER TABLE `state`
  ADD PRIMARY KEY (`id`);

--
-- AUTO_INCREMENT for dumped tables
--

--
-- AUTO_INCREMENT for table `country`
--
ALTER TABLE `country`
  MODIFY `id` int(11) NOT NULL AUTO_INCREMENT, AUTO_INCREMENT=3;

--
-- AUTO_INCREMENT for table `state`
--
ALTER TABLE `state`
  MODIFY `id` int(11) NOT NULL AUTO_INCREMENT, AUTO_INCREMENT=5;
--
-- Database: `ecom`
--
CREATE DATABASE IF NOT EXISTS `ecom` DEFAULT CHARACTER SET utf8mb4 COLLATE utf8mb4_general_ci;
USE `ecom`;

-- --------------------------------------------------------

--
-- Table structure for table `admin_users`
--

CREATE TABLE `admin_users` (
  `id` int(11) NOT NULL,
  `username` varchar(255) NOT NULL,
  `password` varchar(255) NOT NULL
) ENGINE=InnoDB DEFAULT CHARSET=latin1;

--
-- Dumping data for table `admin_users`
--

INSERT INTO `admin_users` (`id`, `username`, `password`) VALUES
(1, 'lokesh', '1234');

-- --------------------------------------------------------

--
-- Table structure for table `categories`
--

CREATE TABLE `categories` (
  `id` int(11) NOT NULL,
  `categories` varchar(255) NOT NULL,
  `status` tinyint(4) NOT NULL
) ENGINE=InnoDB DEFAULT CHARSET=latin1;

--
-- Dumping data for table `categories`
--

INSERT INTO `categories` (`id`, `categories`, `status`) VALUES
(1, 'Mobile', 1),
(2, 'Man', 1),
(4, 'Woman', 1),
(5, 'Kids', 1);

-- --------------------------------------------------------

--
-- Table structure for table `contact_us`
--

CREATE TABLE `contact_us` (
  `id` int(11) NOT NULL,
  `name` varchar(255) NOT NULL,
  `email` varchar(75) NOT NULL,
  `mobile` varchar(15) NOT NULL,
  `comment` text NOT NULL,
  `added_on` datetime NOT NULL
) ENGINE=InnoDB DEFAULT CHARSET=latin1;

--
-- Dumping data for table `contact_us`
--

INSERT INTO `contact_us` (`id`, `name`, `email`, `mobile`, `comment`, `added_on`) VALUES
(1, 'Lokesh', 'lokesh@gmail.com', '1234567890', 'Test Query', '2020-01-14 00:00:00');

-- --------------------------------------------------------

--
-- Table structure for table `order`
--

CREATE TABLE `order` (
  `id` int(11) NOT NULL,
  `user_id` int(11) NOT NULL,
  `address` varchar(250) NOT NULL,
  `city` varchar(50) NOT NULL,
  `pincode` int(11) NOT NULL,
  `payment_type` varchar(20) NOT NULL,
  `total_price` float NOT NULL,
  `payment_status` varchar(20) NOT NULL,
  `order_status` int(11) NOT NULL,
  `txnid` varchar(20) NOT NULL,
  `mihpayid` varchar(20) NOT NULL,
  `payu_status` varchar(10) NOT NULL,
  `added_on` datetime NOT NULL
) ENGINE=InnoDB DEFAULT CHARSET=latin1;

--
-- Dumping data for table `order`
--

INSERT INTO `order` (`id`, `user_id`, `address`, `city`, `pincode`, `payment_type`, `total_price`, `payment_status`, `order_status`, `txnid`, `mihpayid`, `payu_status`, `added_on`) VALUES
(1, 1, 'test', 'test', 110076, 'COD', 164299, 'Success', 5, 'eaad21770607ee0b25ba', '', '', '2020-05-15 10:29:38'),
(2, 1, 'ddjsafa', 'delhhi', 1100089, 'COD', 1350, 'pending', 1, 'd4376273714938e45420', '', '', '2020-11-25 06:34:55'),
(3, 1, 'ddjsafa', 'delhhi', 1100089, 'payu', 155800, 'pending', 1, '152e9aab202c6dc76031', '', '', '2020-11-25 07:15:20'),
(4, 1, 'ddjsafa', 'delhhi', 1100089, 'COD', 1350, 'pending', 1, '89ff0d0f9eccd18f3054', '', '', '2020-11-25 07:18:03'),
(5, 1, 'ddjsafa', 'delhhi', 1100089, 'COD', 1200, 'pending', 1, 'ec8665b071db33a864ce', '', '', '2020-11-25 07:19:52'),
(6, 1, 'D-1/79 Sector 16 Rohini', 'Delhi', 110089, 'COD', 1900, 'pending', 1, '12b84d136fd240d0605b', '', '', '2020-11-25 08:23:52'),
(7, 1, 'D-1/79 Sector 16 Rohini', 'Delhi', 110089, 'COD', 1500, 'pending', 1, 'cbe8c9270dc27afee94e', '', '', '2020-11-25 08:29:49'),
(8, 7, 'D-1/79 Sector 16 Rohini', 'Delhi', 110089, 'COD', 576000, 'pending', 1, '8e9c90fdb6711f1e23c1', '', '', '2020-11-26 05:44:06');

-- --------------------------------------------------------

--
-- Table structure for table `order_detail`
--

CREATE TABLE `order_detail` (
  `id` int(11) NOT NULL,
  `order_id` int(11) NOT NULL,
  `product_id` int(11) NOT NULL,
  `qty` int(11) NOT NULL,
  `price` float NOT NULL
) ENGINE=InnoDB DEFAULT CHARSET=latin1;

--
-- Dumping data for table `order_detail`
--

INSERT INTO `order_detail` (`id`, `order_id`, `product_id`, `qty`, `price`) VALUES
(1, 1, 2, 1, 155800),
(2, 1, 1, 1, 8499),
(3, 2, 7, 1, 1350),
(4, 3, 2, 1, 155800),
(5, 4, 7, 1, 1350),
(6, 5, 4, 1, 1200),
(7, 6, 8, 1, 1900),
(8, 7, 6, 1, 1500),
(9, 8, 10, 8, 72000);

-- --------------------------------------------------------

--
-- Table structure for table `order_status`
--

CREATE TABLE `order_status` (
  `id` int(11) NOT NULL,
  `name` varchar(32) NOT NULL
) ENGINE=MyISAM DEFAULT CHARSET=utf8;

--
-- Dumping data for table `order_status`
--

INSERT INTO `order_status` (`id`, `name`) VALUES
(1, 'Pending'),
(2, 'Processing'),
(3, 'Shipped'),
(4, 'Canceled'),
(5, 'Complete');

-- --------------------------------------------------------

--
-- Table structure for table `product`
--

CREATE TABLE `product` (
  `id` int(11) NOT NULL,
  `categories_id` int(11) NOT NULL,
  `name` varchar(255) NOT NULL,
  `mrp` float NOT NULL,
  `price` float NOT NULL,
  `qty` int(11) NOT NULL,
  `image` varchar(255) NOT NULL,
  `short_desc` varchar(2000) NOT NULL,
  `description` text NOT NULL,
  `best_seller` int(11) NOT NULL,
  `meta_title` varchar(2000) NOT NULL,
  `meta_desc` varchar(2000) NOT NULL,
  `meta_keyword` varchar(2000) NOT NULL,
  `status` tinyint(4) NOT NULL
) ENGINE=InnoDB DEFAULT CHARSET=latin1;

--
-- Dumping data for table `product`
--

INSERT INTO `product` (`id`, `categories_id`, `name`, `mrp`, `price`, `qty`, `image`, `short_desc`, `description`, `best_seller`, `meta_title`, `meta_desc`, `meta_keyword`, `status`) VALUES
(1, 1, 'Realme C3 (Frozen Blue, 64 GB) (4 GB RAM)', 9999, 8499, 10, '799153645_303b4a46-a701-4b43-b9c1-d98a2b53422f.jpg', 'Mauris dapibus tellus quis risus maximus molestie. Curabitur eget tortor tellus.', 'Lorem ipsum dolor sit amet, consectetur adipiscing elit. Vivamus scelerisque quis nisi porta congue. Aenean sed maximus ligula. Vestibulum quis eros id ex condimentum lacinia. Nam interdum finibus odio, sit amet commodo erat varius sed. In at velit velit. Nullam vitae gravida mi. Donec aliquet nunc non ipsum bibendum, et elementum nibh lobortis. Fusce tempor elit at mauris luctus euismod. Donec eu massa eros. Aenean maximus vitae nisl ut sollicitudin. Aenean urna arcu, laoreet at ante eget, maximus mattis lacus. Mauris dapibus tellus quis risus maximus molestie. Curabitur eget tortor tellus.', 1, 'Realme C3 (Frozen Blue, 64 GB) (4 GB RAM)', '', 'Realme C3 (Frozen Blue, 64 GB) (4 GB RAM)', 1),
(2, 1, 'APPLE IPHONE 11 PRO MAX (512GB) - MIDNIGHT GREEN', 165800, 155800, 4, '942626953_iphone.jpg', 'Aenean tempus ut leo nec laoreet. Vestibulum ut est neque.', 'Curabitur eget augue dolor. Curabitur id dapibus massa. Vestibulum at enim quis metus ultrices posuere vitae sit amet eros. Morbi et libero pellentesque, efficitur odio nec, congue lorem. Vestibulum faucibus, risus eget pretium efficitur, neque nulla eleifend purus, non venenatis lorem ligula vel nulla. Fusce finibus efficitur sapien vitae laoreet. Integer imperdiet justo sed tellus dictum, at egestas arcu finibus. Fusce et augue elit. Praesent tincidunt purus in purus dictum volutpat. Aenean tempus ut leo nec laoreet. Vestibulum ut est neque.', 0, 'APPLE IPHONE 11 PRO MAX (512GB) - MIDNIGHT GREEN', '', 'APPLE IPHONE 11 PRO MAX (512GB) - MIDNIGHT GREEN', 1),
(3, 1, 'Samsung Galaxy S10 Plus 1TB (Ceramic White, 12GB RAM)', 115900, 115900, 5, '567328558_samsung-galaxy-s10-plus-1tb-ceramic-white-12gb-ram-.jpg', 'Nullam purus lorem, tincidunt vitae tristique non, imperdiet ut urna.', 'Nullam a nunc et lorem ornare faucibus. Etiam tortor lacus, auctor eget enim at, tincidunt dignissim magna. Interdum et malesuada fames ac ante ipsum primis in faucibus. Proin tincidunt eros eget felis tempor, id volutpat ipsum lacinia. Donec scelerisque risus non purus scelerisque tristique. Mauris enim ligula, condimentum sed iaculis nec, porttitor eu nunc. Sed hendrerit vel arcu vitae iaculis. Phasellus vehicula molestie leo. Nullam purus lorem, tincidunt vitae tristique non, imperdiet ut urna.', 1, 'Samsung Galaxy S10 Plus 1TB (Ceramic White, 12GB RAM)', 'Samsung Galaxy S10 Plus 1TB (Ceramic White, 12GB RAM)', 'Samsung Galaxy S10 Plus 1TB (Ceramic White, 12GB RAM)', 1),
(4, 2, 'SHEEN-SOLID TROUSER-OLIVE', 1999, 1200, 3, '697347005_2__1538219531_49.204.69.38_600x.jpg', 'per inceptos himenaeos. Ut commodo ullamcorper quam non pulvinar.', 'Duis a felis congue, feugiat est non, suscipit quam. In elit lacus, auctor sed lacus eget, egestas consectetur leo. Duis pellentesque pharetra ante, ac ornare nibh faucibus id. Integer pulvinar malesuada nisl. Nulla vel orci nunc. Nullam a tellus eu ex ullamcorper mollis. Donec commodo ligula a accumsan fermentum. Mauris sed orci lacinia, posuere leo molestie, pretium mi. Cras sodales, neque id cursus fermentum, mi purus vehicula sem, vel laoreet lorem justo id tortor. Sed ut urna ut ipsum vestibulum commodo. Class aptent taciti sociosqu ad litora torquent per conubia nostra, per inceptos himenaeos. Ut commodo ullamcorper quam non pulvinar.', 0, 'SHEEN-SOLID TROUSER-OLIVE', 'SHEEN-SOLID TROUSER-OLIVE', 'SHEEN-SOLID TROUSER-OLIVE', 1),
(5, 2, 'NATURE-LINEN SHIRT-GREEN', 2799, 2399, 8, '812581380_nature_green-0224_600x.jpg', 'a nisl pharetra orci, at condimentum nisl lorem elementum ipsum.', 'Nunc auctor turpis ante, eget bibendum mi mollis in. Aliquam quis neque ut libero malesuada auctor. Aliquam interdum enim at commodo gravida. Donec nisl sem, molestie ut quam quis, vulputate venenatis ipsum. Aenean quis ex ut magna accumsan fringilla. Quisque id ex massa. Sed libero ante, fringilla ac condimentum in, porttitor ac risus. Integer mattis odio nec nunc semper imperdiet. In porttitor tellus eget sapien vulputate, eu euismod lacus aliquet. Maecenas molestie elit augue, sit amet fringilla dolor congue et. Nunc eu libero auctor, sollicitudin lectus quis, porta ligula. In vel ullamcorper risus. Nullam viverra, mi sit amet laoreet luctus, urna nisl pharetra orci, at condimentum nisl lorem elementum ipsum.', 0, 'NATURE-LINEN SHIRT-GREEN', 'NATURE-LINEN SHIRT-GREEN', 'T-Shirt, NATURE-LINEN SHIRT-GREEN', 1),
(6, 2, 'Monte Carlo Turquoise Blue Solid Collar T Shirt', 1999, 1500, 8, '931830512__8-(1)-E5x-104831-NJD.jpg', 'lacus quis urna tristique suscipit. Praesent vitae mi mollis dui facilisis convallis eu faucibus augue.', 'Duis in risus quis lectus dictum fringilla. Aenean tempor pellentesque velit id ullamcorper. Ut id aliquam odio. Morbi id pharetra libero, ut tempor nisi. Maecenas a lectus nec risus maximus rutrum. Mauris vel elit ut magna semper laoreet nec sed magna. Quisque eleifend vel sem non malesuada. Interdum et malesuada fames ac ante ipsum primis in faucibus. Orci varius natoque penatibus et magnis dis parturient montes, nascetur ridiculus mus. Vestibulum eget posuere orci, eu ultrices sapien. Orci varius natoque penatibus et magnis dis parturient montes, nascetur ridiculus mus. Aliquam sit amet ex dictum nisl bibendum elementum non in turpis. In bibendum ipsum nunc, bibendum lacinia lacus maximus eu. Interdum et malesuada fames ac ante ipsum primis in faucibus. Vivamus aliquam lacus quis urna tristique suscipit. Praesent vitae mi mollis dui facilisis convallis eu faucibus augue.', 1, 'Monte Carlo Turquoise Blue Solid Collar T Shirt', 'Monte Carlo Turquoise Blue Solid Collar T Shirt', 'Monte Carlo Turquoise Blue Solid Collar T Shirt', 1),
(7, 4, 'Floral Print Polo T-shirt', 1900, 1350, 7, '309027777_Floral-Print-Polo-T-shirt.jpg', 'isl pharetra orci, at condimentum nisl lorem elementum ipsum.', 'Nunc auctor turpis ante, eget bibendum mi mollis in. Aliquam quis neque ut libero malesuada auctor. Aliquam interdum enim at commodo gravida. Donec nisl sem, molestie ut quam quis, vulputate venenatis ipsum. Aenean quis ex ut magna accumsan fringilla. Quisque id ex massa. Sed libero ante, fringilla ac condimentum in, porttitor ac risus. Integer mattis odio nec nunc semper imperdiet. In porttitor tellus eget sapien vulputate, eu euismod lacus aliquet. Maecenas molestie elit augue, sit amet fringilla dolor congue et. Nunc eu libero auctor, sollicitudin lectus quis, porta ligula. In vel ullamcorper risus. Nullam viverra, mi sit amet laoreet luctus, urna nisl pharetra orci, at condimentum nisl lorem elementum ipsum.', 1, 'Floral Print Polo T-shirt', 'Floral Print Polo T-shirt', 'Floral Print Polo T-shirt', 1),
(8, 4, 'Floral Embroidered Polo T-shirt', 1120, 1900, 10, '651584201_Floral-Embroidered-Polo-T-shirt.jpg', 'rius, lacus velit aliquam ex, in dignissim sem eros ac erat. Vestibulum ac arcu tortor.', 'Vestibulum in auctor turpis. Quisque hendrerit eget turpis et molestie. Phasellus nec nibh a lacus rhoncus eleifend. Donec suscipit id diam non mattis. Fusce eu luctus leo. Etiam eget dui libero. Etiam eros lorem, rhoncus et convallis eget, tempus vel tellus. Nam at diam quis nisl tincidunt aliquam. Quisque placerat magna non libero interdum varius vel id risus. Vivamus mollis maximus fermentum. Donec eget nulla dui. Sed ultricies malesuada metus, non feugiat purus fringilla ac. Interdum et malesuada fames ac ante ipsum primis in faucibus. Integer accumsan, tortor id eleifend varius, lacus velit aliquam ex, in dignissim sem eros ac erat. Vestibulum ac arcu tortor.', 1, 'Floral Embroidered Polo T-shirt', '', 'Floral Embroidered Polo T-shirt', 1),
(9, 4, 'Floral Print Polo T-shirt Latest', 650, 1560, 10, '526258680_Floral-Print-Polo-T-shirt1.jpg', 's mus. Vestibulum eget posuere orci, eu ultrices sapien. Orc', 'aximus rutrum. Mauris vel elit ut magna semper laoreet nec sed magna. Quisque eleifend vel sem non malesuada. Interdum et malesuada fames ac ante ipsum primis in faucibus. Orci varius natoque penatibus et magnis dis parturient montes, nascetur ridiculus mus. Vestibulum eget posuere orci, eu ultrices sapien. Orci varius natoque penatibus et magnis dis parturient montes, nascetur ridiculus mus. Aliquam sit amet ex d', 0, 'Floral Print Polo T-shirt Latest', '', 'Floral Print Polo T-shirt Latest', 1),
(10, 1, 'Apple Iphone 12', 78000, 72000, 54, '276137966_iphone.jpg', 'iphone', 'iphone', 1, 'iphone', 'iphone', 'iphone', 1);

-- --------------------------------------------------------

--
-- Table structure for table `users`
--

CREATE TABLE `users` (
  `id` int(11) NOT NULL,
  `name` varchar(255) NOT NULL,
  `password` varchar(50) NOT NULL,
  `email` varchar(50) NOT NULL,
  `mobile` varchar(15) NOT NULL,
  `added_on` datetime NOT NULL
) ENGINE=InnoDB DEFAULT CHARSET=latin1;

--
-- Dumping data for table `users`
--

INSERT INTO `users` (`id`, `name`, `password`, `email`, `mobile`, `added_on`) VALUES
(1, 'lokesh', '1234', 'lokeshgaria8811@gmail.com', '1234567890', '2020-05-13 00:00:00'),
(4, 'oscaar', '1234', 'bca40224202018@gmail.com', '8076298443', '2020-11-25 05:42:19'),
(7, 'ashu', '12345', 'ashu@gmail.com', '87432234434', '2020-11-26 05:42:23'),
(8, 'Rohan', '1234', 'rohan@gmail.com', '33443343434', '2020-12-01 07:23:35');

-- --------------------------------------------------------

--
-- Table structure for table `wishlist`
--

CREATE TABLE `wishlist` (
  `id` int(11) NOT NULL,
  `user_id` int(11) NOT NULL,
  `product_id` int(11) NOT NULL,
  `added_on` datetime NOT NULL
) ENGINE=InnoDB DEFAULT CHARSET=latin1;

--
-- Dumping data for table `wishlist`
--

INSERT INTO `wishlist` (`id`, `user_id`, `product_id`, `added_on`) VALUES
(16, 1, 4, '2020-05-13 08:54:24'),
(17, 1, 6, '2020-05-15 12:53:28');

--
-- Indexes for dumped tables
--

--
-- Indexes for table `admin_users`
--
ALTER TABLE `admin_users`
  ADD PRIMARY KEY (`id`);

--
-- Indexes for table `categories`
--
ALTER TABLE `categories`
  ADD PRIMARY KEY (`id`);

--
-- Indexes for table `contact_us`
--
ALTER TABLE `contact_us`
  ADD PRIMARY KEY (`id`);

--
-- Indexes for table `order`
--
ALTER TABLE `order`
  ADD PRIMARY KEY (`id`);

--
-- Indexes for table `order_detail`
--
ALTER TABLE `order_detail`
  ADD PRIMARY KEY (`id`);

--
-- Indexes for table `order_status`
--
ALTER TABLE `order_status`
  ADD PRIMARY KEY (`id`);

--
-- Indexes for table `product`
--
ALTER TABLE `product`
  ADD PRIMARY KEY (`id`);

--
-- Indexes for table `users`
--
ALTER TABLE `users`
  ADD PRIMARY KEY (`id`);

--
-- Indexes for table `wishlist`
--
ALTER TABLE `wishlist`
  ADD PRIMARY KEY (`id`);

--
-- AUTO_INCREMENT for dumped tables
--

--
-- AUTO_INCREMENT for table `admin_users`
--
ALTER TABLE `admin_users`
  MODIFY `id` int(11) NOT NULL AUTO_INCREMENT, AUTO_INCREMENT=2;

--
-- AUTO_INCREMENT for table `categories`
--
ALTER TABLE `categories`
  MODIFY `id` int(11) NOT NULL AUTO_INCREMENT, AUTO_INCREMENT=6;

--
-- AUTO_INCREMENT for table `contact_us`
--
ALTER TABLE `contact_us`
  MODIFY `id` int(11) NOT NULL AUTO_INCREMENT, AUTO_INCREMENT=5;

--
-- AUTO_INCREMENT for table `order`
--
ALTER TABLE `order`
  MODIFY `id` int(11) NOT NULL AUTO_INCREMENT, AUTO_INCREMENT=9;

--
-- AUTO_INCREMENT for table `order_detail`
--
ALTER TABLE `order_detail`
  MODIFY `id` int(11) NOT NULL AUTO_INCREMENT, AUTO_INCREMENT=10;

--
-- AUTO_INCREMENT for table `order_status`
--
ALTER TABLE `order_status`
  MODIFY `id` int(11) NOT NULL AUTO_INCREMENT, AUTO_INCREMENT=10;

--
-- AUTO_INCREMENT for table `product`
--
ALTER TABLE `product`
  MODIFY `id` int(11) NOT NULL AUTO_INCREMENT, AUTO_INCREMENT=12;

--
-- AUTO_INCREMENT for table `users`
--
ALTER TABLE `users`
  MODIFY `id` int(11) NOT NULL AUTO_INCREMENT, AUTO_INCREMENT=9;

--
-- AUTO_INCREMENT for table `wishlist`
--
ALTER TABLE `wishlist`
  MODIFY `id` int(11) NOT NULL AUTO_INCREMENT, AUTO_INCREMENT=18;
--
-- Database: `google`
--
CREATE DATABASE IF NOT EXISTS `google` DEFAULT CHARACTER SET utf8mb4 COLLATE utf8mb4_general_ci;
USE `google`;

-- --------------------------------------------------------

--
-- Table structure for table `googleuser`
--

CREATE TABLE `googleuser` (
  `id` int(11) NOT NULL,
  `google_id` varchar(255) NOT NULL,
  `name` varchar(255) NOT NULL,
  `lastname` varchar(255) NOT NULL,
  `email` varchar(255) NOT NULL
) ENGINE=InnoDB DEFAULT CHARSET=utf8mb4;

--
-- Dumping data for table `googleuser`
--

INSERT INTO `googleuser` (`id`, `google_id`, `name`, `lastname`, `email`) VALUES
(1, 'a', 'a', 'a', 'a'),
(2, '', '', '', ''),
(3, '', '', '', ''),
(4, '', '', '', ''),
(5, '', '', '', '');

--
-- Indexes for dumped tables
--

--
-- Indexes for table `googleuser`
--
ALTER TABLE `googleuser`
  ADD PRIMARY KEY (`id`);

--
-- AUTO_INCREMENT for dumped tables
--

--
-- AUTO_INCREMENT for table `googleuser`
--
ALTER TABLE `googleuser`
  MODIFY `id` int(11) NOT NULL AUTO_INCREMENT, AUTO_INCREMENT=6;
--
-- Database: `mystore`
--
CREATE DATABASE IF NOT EXISTS `mystore` DEFAULT CHARACTER SET utf8mb4 COLLATE utf8mb4_general_ci;
USE `mystore`;

-- --------------------------------------------------------

--
-- Table structure for table `admin_users`
--

CREATE TABLE `admin_users` (
  `id` int(11) NOT NULL,
  `username` varchar(255) NOT NULL,
  `password` varchar(255) NOT NULL
) ENGINE=InnoDB DEFAULT CHARSET=utf8mb4;

--
-- Dumping data for table `admin_users`
--

INSERT INTO `admin_users` (`id`, `username`, `password`) VALUES
(1, 'Lokesh', '1234');

-- --------------------------------------------------------

--
-- Table structure for table `categories`
--

CREATE TABLE `categories` (
  `id` int(11) NOT NULL,
  `categories` varchar(255) NOT NULL,
  `status` tinyint(4) NOT NULL
) ENGINE=InnoDB DEFAULT CHARSET=utf8mb4;

--
-- Dumping data for table `categories`
--

INSERT INTO `categories` (`id`, `categories`, `status`) VALUES
(14, 'Music', 1),
(15, 'sofa & furniture', 1),
(17, 'lighting', 1),
(22, 'music', 1);

-- --------------------------------------------------------

--
-- Table structure for table `contactus`
--

CREATE TABLE `contactus` (
  `id` int(255) NOT NULL,
  `name` varchar(255) NOT NULL,
  `email` varchar(255) NOT NULL,
  `mobile` varchar(255) NOT NULL,
  `comment` text NOT NULL,
  `added_on` datetime NOT NULL
) ENGINE=InnoDB DEFAULT CHARSET=utf8mb4;

--
-- Dumping data for table `contactus`
--

INSERT INTO `contactus` (`id`, `name`, `email`, `mobile`, `comment`, `added_on`) VALUES
(8, 'dis', 'lokeshgaria8811@gmail.com', '039', 'asdsdad', '2020-11-18 17:07:00'),
(9, 'kartik', 'singh.has.naresh48@gmail.com', '857583753', 'this website is good for shopping', '2020-12-01 15:36:00');

-- --------------------------------------------------------

--
-- Table structure for table `product`
--

CREATE TABLE `product` (
  `id` int(11) NOT NULL,
  `categories_id` int(11) NOT NULL,
  `name` varchar(2000) NOT NULL,
  `mrp` float NOT NULL,
  `price` float NOT NULL,
  `qty` int(11) NOT NULL,
  `img` varchar(255) NOT NULL,
  `short_desc` varchar(2000) NOT NULL,
  `description` text NOT NULL,
  `meta_title` varchar(2000) NOT NULL,
  `meta_desc` varchar(2000) NOT NULL,
  `meta_keyword` varchar(2000) NOT NULL,
  `status` tinyint(4) NOT NULL
) ENGINE=InnoDB DEFAULT CHARSET=utf8mb4;

-- --------------------------------------------------------

--
-- Table structure for table `users`
--

CREATE TABLE `users` (
  `id` int(11) NOT NULL,
  `name` varchar(255) NOT NULL,
  `email` varchar(255) NOT NULL,
  `password` varchar(255) NOT NULL,
  `cpassword` varchar(255) NOT NULL,
  `mobile` varchar(255) NOT NULL,
  `added_on` datetime NOT NULL
) ENGINE=InnoDB DEFAULT CHARSET=utf8mb4;

--
-- Dumping data for table `users`
--

INSERT INTO `users` (`id`, `name`, `email`, `password`, `cpassword`, `mobile`, `added_on`) VALUES
(16, 'lokesh', 'lokeshgaria8811@gmail.com', '$2y$10$CNU2ac2mYETrvx.wwqrOD.qujABdDgb1/HzI.Jke2yEpF.UOPqVhu', '$2y$10$WK668FX9sD7s5/Yaf0tSQOniMKakFtSnnKL8KyBjpcBJ3Ow5LcJoK', '8076298443', '2020-10-11 01:49:00'),
(17, 'dikshant', 'dishu@gmail.com', '$2y$10$W4RkJ58dRpg0Is/s0DgYGe3/3R.ABt2YEuxRZ8CJWAIkqzMb0QZzq', '$2y$10$JAvP02BVamXvOtHREZSeM.tZMCIHDievDrLpOdWrtEPgDC9f8VuCy', '739498438', '2020-10-11 03:36:00'),
(18, 'lokesh', 'kk@gmail.com', '$2y$10$LN3WOwwKjitX0.kwBNryv.yP1F728XhZcVbfN1GZGxCbUJjQiYIuO', '$2y$10$z.bIgFHUW2ZF/DwYu9/SVuPQ7yPUxmDkFKWuezd4bLQxdsQJACW9y', '848497', '2020-11-25 23:14:00'),
(19, 'Rohan', 'rohan@gmail.com', '$2y$10$OhI2XvvMYcgZQ0M/u/AXX.6Ro3LGlG34VTQH/4WNfkgvHl35W.qE.', '$2y$10$GGiRRHYNSpNSIazQ6alsx.gMf/EOJ8WfEIb9EQhOOhecRo2xp/fuS', '778876383', '2020-12-01 15:34:00');

--
-- Indexes for dumped tables
--

--
-- Indexes for table `admin_users`
--
ALTER TABLE `admin_users`
  ADD PRIMARY KEY (`id`);

--
-- Indexes for table `categories`
--
ALTER TABLE `categories`
  ADD PRIMARY KEY (`id`);

--
-- Indexes for table `contactus`
--
ALTER TABLE `contactus`
  ADD PRIMARY KEY (`id`);

--
-- Indexes for table `product`
--
ALTER TABLE `product`
  ADD PRIMARY KEY (`id`);

--
-- Indexes for table `users`
--
ALTER TABLE `users`
  ADD PRIMARY KEY (`id`);

--
-- AUTO_INCREMENT for dumped tables
--

--
-- AUTO_INCREMENT for table `admin_users`
--
ALTER TABLE `admin_users`
  MODIFY `id` int(11) NOT NULL AUTO_INCREMENT, AUTO_INCREMENT=3;

--
-- AUTO_INCREMENT for table `categories`
--
ALTER TABLE `categories`
  MODIFY `id` int(11) NOT NULL AUTO_INCREMENT, AUTO_INCREMENT=23;

--
-- AUTO_INCREMENT for table `contactus`
--
ALTER TABLE `contactus`
  MODIFY `id` int(255) NOT NULL AUTO_INCREMENT, AUTO_INCREMENT=10;

--
-- AUTO_INCREMENT for table `product`
--
ALTER TABLE `product`
  MODIFY `id` int(11) NOT NULL AUTO_INCREMENT, AUTO_INCREMENT=136;

--
-- AUTO_INCREMENT for table `users`
--
ALTER TABLE `users`
  MODIFY `id` int(11) NOT NULL AUTO_INCREMENT, AUTO_INCREMENT=20;
--
-- Database: `phpmyadmin`
--
CREATE DATABASE IF NOT EXISTS `phpmyadmin` DEFAULT CHARACTER SET utf8 COLLATE utf8_bin;
USE `phpmyadmin`;

-- --------------------------------------------------------

--
-- Table structure for table `pma__bookmark`
--

CREATE TABLE `pma__bookmark` (
  `id` int(10) UNSIGNED NOT NULL,
  `dbase` varchar(255) COLLATE utf8_bin NOT NULL DEFAULT '',
  `user` varchar(255) COLLATE utf8_bin NOT NULL DEFAULT '',
  `label` varchar(255) CHARACTER SET utf8 NOT NULL DEFAULT '',
  `query` text COLLATE utf8_bin NOT NULL
) ENGINE=InnoDB DEFAULT CHARSET=utf8 COLLATE=utf8_bin COMMENT='Bookmarks';

-- --------------------------------------------------------

--
-- Table structure for table `pma__central_columns`
--

CREATE TABLE `pma__central_columns` (
  `db_name` varchar(64) COLLATE utf8_bin NOT NULL,
  `col_name` varchar(64) COLLATE utf8_bin NOT NULL,
  `col_type` varchar(64) COLLATE utf8_bin NOT NULL,
  `col_length` text COLLATE utf8_bin DEFAULT NULL,
  `col_collation` varchar(64) COLLATE utf8_bin NOT NULL,
  `col_isNull` tinyint(1) NOT NULL,
  `col_extra` varchar(255) COLLATE utf8_bin DEFAULT '',
  `col_default` text COLLATE utf8_bin DEFAULT NULL
) ENGINE=InnoDB DEFAULT CHARSET=utf8 COLLATE=utf8_bin COMMENT='Central list of columns';

-- --------------------------------------------------------

--
-- Table structure for table `pma__column_info`
--

CREATE TABLE `pma__column_info` (
  `id` int(5) UNSIGNED NOT NULL,
  `db_name` varchar(64) COLLATE utf8_bin NOT NULL DEFAULT '',
  `table_name` varchar(64) COLLATE utf8_bin NOT NULL DEFAULT '',
  `column_name` varchar(64) COLLATE utf8_bin NOT NULL DEFAULT '',
  `comment` varchar(255) CHARACTER SET utf8 NOT NULL DEFAULT '',
  `mimetype` varchar(255) CHARACTER SET utf8 NOT NULL DEFAULT '',
  `transformation` varchar(255) COLLATE utf8_bin NOT NULL DEFAULT '',
  `transformation_options` varchar(255) COLLATE utf8_bin NOT NULL DEFAULT '',
  `input_transformation` varchar(255) COLLATE utf8_bin NOT NULL DEFAULT '',
  `input_transformation_options` varchar(255) COLLATE utf8_bin NOT NULL DEFAULT ''
) ENGINE=InnoDB DEFAULT CHARSET=utf8 COLLATE=utf8_bin COMMENT='Column information for phpMyAdmin';

-- --------------------------------------------------------

--
-- Table structure for table `pma__designer_settings`
--

CREATE TABLE `pma__designer_settings` (
  `username` varchar(64) COLLATE utf8_bin NOT NULL,
  `settings_data` text COLLATE utf8_bin NOT NULL
) ENGINE=InnoDB DEFAULT CHARSET=utf8 COLLATE=utf8_bin COMMENT='Settings related to Designer';

-- --------------------------------------------------------

--
-- Table structure for table `pma__export_templates`
--

CREATE TABLE `pma__export_templates` (
  `id` int(5) UNSIGNED NOT NULL,
  `username` varchar(64) COLLATE utf8_bin NOT NULL,
  `export_type` varchar(10) COLLATE utf8_bin NOT NULL,
  `template_name` varchar(64) COLLATE utf8_bin NOT NULL,
  `template_data` text COLLATE utf8_bin NOT NULL
) ENGINE=InnoDB DEFAULT CHARSET=utf8 COLLATE=utf8_bin COMMENT='Saved export templates';

-- --------------------------------------------------------

--
-- Table structure for table `pma__favorite`
--

CREATE TABLE `pma__favorite` (
  `username` varchar(64) COLLATE utf8_bin NOT NULL,
  `tables` text COLLATE utf8_bin NOT NULL
) ENGINE=InnoDB DEFAULT CHARSET=utf8 COLLATE=utf8_bin COMMENT='Favorite tables';

-- --------------------------------------------------------

--
-- Table structure for table `pma__history`
--

CREATE TABLE `pma__history` (
  `id` bigint(20) UNSIGNED NOT NULL,
  `username` varchar(64) COLLATE utf8_bin NOT NULL DEFAULT '',
  `db` varchar(64) COLLATE utf8_bin NOT NULL DEFAULT '',
  `table` varchar(64) COLLATE utf8_bin NOT NULL DEFAULT '',
  `timevalue` timestamp NOT NULL DEFAULT current_timestamp(),
  `sqlquery` text COLLATE utf8_bin NOT NULL
) ENGINE=InnoDB DEFAULT CHARSET=utf8 COLLATE=utf8_bin COMMENT='SQL history for phpMyAdmin';

-- --------------------------------------------------------

--
-- Table structure for table `pma__navigationhiding`
--

CREATE TABLE `pma__navigationhiding` (
  `username` varchar(64) COLLATE utf8_bin NOT NULL,
  `item_name` varchar(64) COLLATE utf8_bin NOT NULL,
  `item_type` varchar(64) COLLATE utf8_bin NOT NULL,
  `db_name` varchar(64) COLLATE utf8_bin NOT NULL,
  `table_name` varchar(64) COLLATE utf8_bin NOT NULL
) ENGINE=InnoDB DEFAULT CHARSET=utf8 COLLATE=utf8_bin COMMENT='Hidden items of navigation tree';

-- --------------------------------------------------------

--
-- Table structure for table `pma__pdf_pages`
--

CREATE TABLE `pma__pdf_pages` (
  `db_name` varchar(64) COLLATE utf8_bin NOT NULL DEFAULT '',
  `page_nr` int(10) UNSIGNED NOT NULL,
  `page_descr` varchar(50) CHARACTER SET utf8 NOT NULL DEFAULT ''
) ENGINE=InnoDB DEFAULT CHARSET=utf8 COLLATE=utf8_bin COMMENT='PDF relation pages for phpMyAdmin';

-- --------------------------------------------------------

--
-- Table structure for table `pma__recent`
--

CREATE TABLE `pma__recent` (
  `username` varchar(64) COLLATE utf8_bin NOT NULL,
  `tables` text COLLATE utf8_bin NOT NULL
) ENGINE=InnoDB DEFAULT CHARSET=utf8 COLLATE=utf8_bin COMMENT='Recently accessed tables';

--
-- Dumping data for table `pma__recent`
--

INSERT INTO `pma__recent` (`username`, `tables`) VALUES
('root', '[{\"db\":\"google\",\"table\":\"googleuser\"},{\"db\":\"csc\",\"table\":\"state\"},{\"db\":\"csc\",\"table\":\"country\"},{\"db\":\"ajaxcrud\",\"table\":\"mytable\"},{\"db\":\"mystore\",\"table\":\"users\"},{\"db\":\"crud\",\"table\":\"users\"},{\"db\":\"webdeveloper\",\"table\":\"feedback\"},{\"db\":\"ecom\",\"table\":\"contact_us\"},{\"db\":\"ecom\",\"table\":\"product\"},{\"db\":\"ecom\",\"table\":\"users\"}]');

-- --------------------------------------------------------

--
-- Table structure for table `pma__relation`
--

CREATE TABLE `pma__relation` (
  `master_db` varchar(64) COLLATE utf8_bin NOT NULL DEFAULT '',
  `master_table` varchar(64) COLLATE utf8_bin NOT NULL DEFAULT '',
  `master_field` varchar(64) COLLATE utf8_bin NOT NULL DEFAULT '',
  `foreign_db` varchar(64) COLLATE utf8_bin NOT NULL DEFAULT '',
  `foreign_table` varchar(64) COLLATE utf8_bin NOT NULL DEFAULT '',
  `foreign_field` varchar(64) COLLATE utf8_bin NOT NULL DEFAULT ''
) ENGINE=InnoDB DEFAULT CHARSET=utf8 COLLATE=utf8_bin COMMENT='Relation table';

-- --------------------------------------------------------

--
-- Table structure for table `pma__savedsearches`
--

CREATE TABLE `pma__savedsearches` (
  `id` int(5) UNSIGNED NOT NULL,
  `username` varchar(64) COLLATE utf8_bin NOT NULL DEFAULT '',
  `db_name` varchar(64) COLLATE utf8_bin NOT NULL DEFAULT '',
  `search_name` varchar(64) COLLATE utf8_bin NOT NULL DEFAULT '',
  `search_data` text COLLATE utf8_bin NOT NULL
) ENGINE=InnoDB DEFAULT CHARSET=utf8 COLLATE=utf8_bin COMMENT='Saved searches';

-- --------------------------------------------------------

--
-- Table structure for table `pma__table_coords`
--

CREATE TABLE `pma__table_coords` (
  `db_name` varchar(64) COLLATE utf8_bin NOT NULL DEFAULT '',
  `table_name` varchar(64) COLLATE utf8_bin NOT NULL DEFAULT '',
  `pdf_page_number` int(11) NOT NULL DEFAULT 0,
  `x` float UNSIGNED NOT NULL DEFAULT 0,
  `y` float UNSIGNED NOT NULL DEFAULT 0
) ENGINE=InnoDB DEFAULT CHARSET=utf8 COLLATE=utf8_bin COMMENT='Table coordinates for phpMyAdmin PDF output';

-- --------------------------------------------------------

--
-- Table structure for table `pma__table_info`
--

CREATE TABLE `pma__table_info` (
  `db_name` varchar(64) COLLATE utf8_bin NOT NULL DEFAULT '',
  `table_name` varchar(64) COLLATE utf8_bin NOT NULL DEFAULT '',
  `display_field` varchar(64) COLLATE utf8_bin NOT NULL DEFAULT ''
) ENGINE=InnoDB DEFAULT CHARSET=utf8 COLLATE=utf8_bin COMMENT='Table information for phpMyAdmin';

-- --------------------------------------------------------

--
-- Table structure for table `pma__table_uiprefs`
--

CREATE TABLE `pma__table_uiprefs` (
  `username` varchar(64) COLLATE utf8_bin NOT NULL,
  `db_name` varchar(64) COLLATE utf8_bin NOT NULL,
  `table_name` varchar(64) COLLATE utf8_bin NOT NULL,
  `prefs` text COLLATE utf8_bin NOT NULL,
  `last_update` timestamp NOT NULL DEFAULT current_timestamp() ON UPDATE current_timestamp()
) ENGINE=InnoDB DEFAULT CHARSET=utf8 COLLATE=utf8_bin COMMENT='Tables'' UI preferences';

--
-- Dumping data for table `pma__table_uiprefs`
--

INSERT INTO `pma__table_uiprefs` (`username`, `db_name`, `table_name`, `prefs`, `last_update`) VALUES
('root', 'csc', 'state', '[]', '2020-12-06 17:29:35');

-- --------------------------------------------------------

--
-- Table structure for table `pma__tracking`
--

CREATE TABLE `pma__tracking` (
  `db_name` varchar(64) COLLATE utf8_bin NOT NULL,
  `table_name` varchar(64) COLLATE utf8_bin NOT NULL,
  `version` int(10) UNSIGNED NOT NULL,
  `date_created` datetime NOT NULL,
  `date_updated` datetime NOT NULL,
  `schema_snapshot` text COLLATE utf8_bin NOT NULL,
  `schema_sql` text COLLATE utf8_bin DEFAULT NULL,
  `data_sql` longtext COLLATE utf8_bin DEFAULT NULL,
  `tracking` set('UPDATE','REPLACE','INSERT','DELETE','TRUNCATE','CREATE DATABASE','ALTER DATABASE','DROP DATABASE','CREATE TABLE','ALTER TABLE','RENAME TABLE','DROP TABLE','CREATE INDEX','DROP INDEX','CREATE VIEW','ALTER VIEW','DROP VIEW') COLLATE utf8_bin DEFAULT NULL,
  `tracking_active` int(1) UNSIGNED NOT NULL DEFAULT 1
) ENGINE=InnoDB DEFAULT CHARSET=utf8 COLLATE=utf8_bin COMMENT='Database changes tracking for phpMyAdmin';

-- --------------------------------------------------------

--
-- Table structure for table `pma__userconfig`
--

CREATE TABLE `pma__userconfig` (
  `username` varchar(64) COLLATE utf8_bin NOT NULL,
  `timevalue` timestamp NOT NULL DEFAULT current_timestamp() ON UPDATE current_timestamp(),
  `config_data` text COLLATE utf8_bin NOT NULL
) ENGINE=InnoDB DEFAULT CHARSET=utf8 COLLATE=utf8_bin COMMENT='User preferences storage for phpMyAdmin';

--
-- Dumping data for table `pma__userconfig`
--

INSERT INTO `pma__userconfig` (`username`, `timevalue`, `config_data`) VALUES
('root', '2020-12-08 02:15:25', '{\"Console\\/Mode\":\"collapse\"}');

-- --------------------------------------------------------

--
-- Table structure for table `pma__usergroups`
--

CREATE TABLE `pma__usergroups` (
  `usergroup` varchar(64) COLLATE utf8_bin NOT NULL,
  `tab` varchar(64) COLLATE utf8_bin NOT NULL,
  `allowed` enum('Y','N') COLLATE utf8_bin NOT NULL DEFAULT 'N'
) ENGINE=InnoDB DEFAULT CHARSET=utf8 COLLATE=utf8_bin COMMENT='User groups with configured menu items';

-- --------------------------------------------------------

--
-- Table structure for table `pma__users`
--

CREATE TABLE `pma__users` (
  `username` varchar(64) COLLATE utf8_bin NOT NULL,
  `usergroup` varchar(64) COLLATE utf8_bin NOT NULL
) ENGINE=InnoDB DEFAULT CHARSET=utf8 COLLATE=utf8_bin COMMENT='Users and their assignments to user groups';

--
-- Indexes for dumped tables
--

--
-- Indexes for table `pma__bookmark`
--
ALTER TABLE `pma__bookmark`
  ADD PRIMARY KEY (`id`);

--
-- Indexes for table `pma__central_columns`
--
ALTER TABLE `pma__central_columns`
  ADD PRIMARY KEY (`db_name`,`col_name`);

--
-- Indexes for table `pma__column_info`
--
ALTER TABLE `pma__column_info`
  ADD PRIMARY KEY (`id`),
  ADD UNIQUE KEY `db_name` (`db_name`,`table_name`,`column_name`);

--
-- Indexes for table `pma__designer_settings`
--
ALTER TABLE `pma__designer_settings`
  ADD PRIMARY KEY (`username`);

--
-- Indexes for table `pma__export_templates`
--
ALTER TABLE `pma__export_templates`
  ADD PRIMARY KEY (`id`),
  ADD UNIQUE KEY `u_user_type_template` (`username`,`export_type`,`template_name`);

--
-- Indexes for table `pma__favorite`
--
ALTER TABLE `pma__favorite`
  ADD PRIMARY KEY (`username`);

--
-- Indexes for table `pma__history`
--
ALTER TABLE `pma__history`
  ADD PRIMARY KEY (`id`),
  ADD KEY `username` (`username`,`db`,`table`,`timevalue`);

--
-- Indexes for table `pma__navigationhiding`
--
ALTER TABLE `pma__navigationhiding`
  ADD PRIMARY KEY (`username`,`item_name`,`item_type`,`db_name`,`table_name`);

--
-- Indexes for table `pma__pdf_pages`
--
ALTER TABLE `pma__pdf_pages`
  ADD PRIMARY KEY (`page_nr`),
  ADD KEY `db_name` (`db_name`);

--
-- Indexes for table `pma__recent`
--
ALTER TABLE `pma__recent`
  ADD PRIMARY KEY (`username`);

--
-- Indexes for table `pma__relation`
--
ALTER TABLE `pma__relation`
  ADD PRIMARY KEY (`master_db`,`master_table`,`master_field`),
  ADD KEY `foreign_field` (`foreign_db`,`foreign_table`);

--
-- Indexes for table `pma__savedsearches`
--
ALTER TABLE `pma__savedsearches`
  ADD PRIMARY KEY (`id`),
  ADD UNIQUE KEY `u_savedsearches_username_dbname` (`username`,`db_name`,`search_name`);

--
-- Indexes for table `pma__table_coords`
--
ALTER TABLE `pma__table_coords`
  ADD PRIMARY KEY (`db_name`,`table_name`,`pdf_page_number`);

--
-- Indexes for table `pma__table_info`
--
ALTER TABLE `pma__table_info`
  ADD PRIMARY KEY (`db_name`,`table_name`);

--
-- Indexes for table `pma__table_uiprefs`
--
ALTER TABLE `pma__table_uiprefs`
  ADD PRIMARY KEY (`username`,`db_name`,`table_name`);

--
-- Indexes for table `pma__tracking`
--
ALTER TABLE `pma__tracking`
  ADD PRIMARY KEY (`db_name`,`table_name`,`version`);

--
-- Indexes for table `pma__userconfig`
--
ALTER TABLE `pma__userconfig`
  ADD PRIMARY KEY (`username`);

--
-- Indexes for table `pma__usergroups`
--
ALTER TABLE `pma__usergroups`
  ADD PRIMARY KEY (`usergroup`,`tab`,`allowed`);

--
-- Indexes for table `pma__users`
--
ALTER TABLE `pma__users`
  ADD PRIMARY KEY (`username`,`usergroup`);

--
-- AUTO_INCREMENT for dumped tables
--

--
-- AUTO_INCREMENT for table `pma__bookmark`
--
ALTER TABLE `pma__bookmark`
  MODIFY `id` int(10) UNSIGNED NOT NULL AUTO_INCREMENT;

--
-- AUTO_INCREMENT for table `pma__column_info`
--
ALTER TABLE `pma__column_info`
  MODIFY `id` int(5) UNSIGNED NOT NULL AUTO_INCREMENT;

--
-- AUTO_INCREMENT for table `pma__export_templates`
--
ALTER TABLE `pma__export_templates`
  MODIFY `id` int(5) UNSIGNED NOT NULL AUTO_INCREMENT;

--
-- AUTO_INCREMENT for table `pma__history`
--
ALTER TABLE `pma__history`
  MODIFY `id` bigint(20) UNSIGNED NOT NULL AUTO_INCREMENT;

--
-- AUTO_INCREMENT for table `pma__pdf_pages`
--
ALTER TABLE `pma__pdf_pages`
  MODIFY `page_nr` int(10) UNSIGNED NOT NULL AUTO_INCREMENT;

--
-- AUTO_INCREMENT for table `pma__savedsearches`
--
ALTER TABLE `pma__savedsearches`
  MODIFY `id` int(5) UNSIGNED NOT NULL AUTO_INCREMENT;
--
-- Database: `project`
--
CREATE DATABASE IF NOT EXISTS `project` DEFAULT CHARACTER SET utf8mb4 COLLATE utf8mb4_general_ci;
USE `project`;

-- --------------------------------------------------------

--
-- Table structure for table `admin`
--

CREATE TABLE `admin` (
  `admin_id` int(11) NOT NULL,
  `email` varchar(50) NOT NULL,
  `password` varchar(500) NOT NULL
) ENGINE=InnoDB DEFAULT CHARSET=utf8;

--
-- Dumping data for table `admin`
--

INSERT INTO `admin` (`admin_id`, `email`, `password`) VALUES
(1, 'lokeshgaria', '123456'),
(2, 'admin@admin.com', 'admin');

-- --------------------------------------------------------

--
-- Table structure for table `answer`
--

CREATE TABLE `answer` (
  `qid` text NOT NULL,
  `ansid` text NOT NULL
) ENGINE=InnoDB DEFAULT CHARSET=utf8;

--
-- Dumping data for table `answer`
--

INSERT INTO `answer` (`qid`, `ansid`) VALUES
('55892169bf6a7', '55892169d2efc'),
('5589216a3646e', '5589216a48722'),
('558922117fcef', '5589221195248'),
('55892211e44d5', '55892211f1fa7'),
('558922894c453', '558922895ea0a'),
('558922899ccaa', '55892289aa7cf'),
('558923538f48d', '558923539a46c'),
('55892353f05c4', '55892354051be'),
('558973f4389ac', '558973f462e61'),
('558973f4c46f2', '558973f4d4abe'),
('558973f51600d', '558973f526fc5'),
('558973f55d269', '558973f57af07'),
('558973f5abb1a', '558973f5e764a'),
('5589751a63091', '5589751a81bf4'),
('5589751ad32b8', '5589751adbdbd'),
('5589751b304ef', '5589751b3b04d'),
('5589751b749c9', '5589751b9a98c');

-- --------------------------------------------------------

--
-- Table structure for table `feedback`
--

CREATE TABLE `feedback` (
  `id` text NOT NULL,
  `name` varchar(50) NOT NULL,
  `email` varchar(50) NOT NULL,
  `subject` varchar(500) NOT NULL,
  `feedback` varchar(500) NOT NULL,
  `date` date NOT NULL,
  `time` varchar(50) NOT NULL
) ENGINE=InnoDB DEFAULT CHARSET=utf8;

--
-- Dumping data for table `feedback`
--

INSERT INTO `feedback` (`id`, `name`, `email`, `subject`, `feedback`, `date`, `time`) VALUES
('55846be776610', 'testing', 'sunnygkp10@gmail.com', 'testing', 'testing stART', '2015-06-19', '09:22:15pm'),
('5aa40f4636a4e', 'tayyab', 'tayyabali7852@gmail.com', 'asd', 'asdf', '2018-03-10', '05:00:54pm');

-- --------------------------------------------------------

--
-- Table structure for table `history`
--

CREATE TABLE `history` (
  `email` varchar(50) NOT NULL,
  `eid` text NOT NULL,
  `score` int(11) NOT NULL,
  `level` int(11) NOT NULL,
  `sahi` int(11) NOT NULL,
  `wrong` int(11) NOT NULL,
  `date` timestamp NOT NULL DEFAULT current_timestamp() ON UPDATE current_timestamp()
) ENGINE=InnoDB DEFAULT CHARSET=utf8;

--
-- Dumping data for table `history`
--

INSERT INTO `history` (`email`, `eid`, `score`, `level`, `sahi`, `wrong`, `date`) VALUES
('tayyabali7852@gmail.com', '558922ec03021', -2, 2, 0, 2, '2018-03-10 16:54:31'),
('ali@gmail.com', '5589741f9ed52', -2, 5, 1, 4, '2018-03-10 16:58:40'),
('ali@gmail.com', '55897338a6659', 1, 5, 2, 3, '2018-03-10 16:58:57'),
('ali@gmail.com', '558922ec03021', -2, 2, 0, 2, '2018-03-10 16:59:10'),
('lokeshgaria8811@gmail.com', '5589741f9ed52', -1, 1, 0, 1, '2020-11-19 12:48:02');

-- --------------------------------------------------------

--
-- Table structure for table `options`
--

CREATE TABLE `options` (
  `qid` varchar(50) NOT NULL,
  `option` varchar(5000) NOT NULL,
  `optionid` text NOT NULL
) ENGINE=InnoDB DEFAULT CHARSET=utf8;

--
-- Dumping data for table `options`
--

INSERT INTO `options` (`qid`, `option`, `optionid`) VALUES
('55892169bf6a7', 'usermod', '55892169d2efc'),
('55892169bf6a7', 'useradd', '55892169d2f05'),
('55892169bf6a7', 'useralter', '55892169d2f09'),
('55892169bf6a7', 'groupmod', '55892169d2f0c'),
('5589216a3646e', '751', '5589216a48713'),
('5589216a3646e', '752', '5589216a4871a'),
('5589216a3646e', '754', '5589216a4871f'),
('5589216a3646e', '755', '5589216a48722'),
('558922117fcef', 'echo', '5589221195248'),
('558922117fcef', 'print', '558922119525a'),
('558922117fcef', 'printf', '5589221195265'),
('558922117fcef', 'cout', '5589221195270'),
('55892211e44d5', 'int a', '55892211f1f97'),
('55892211e44d5', '$a', '55892211f1fa7'),
('55892211e44d5', 'long int a', '55892211f1fb4'),
('55892211e44d5', 'int a$', '55892211f1fbd'),
('558922894c453', 'cin>>a;', '558922895ea0a'),
('558922894c453', 'cin<<a;', '558922895ea26'),
('558922894c453', 'cout>>a;', '558922895ea34'),
('558922894c453', 'cout<a;', '558922895ea41'),
('558922899ccaa', 'cout', '55892289aa7cf'),
('558922899ccaa', 'cin', '55892289aa7df'),
('558922899ccaa', 'print', '55892289aa7eb'),
('558922899ccaa', 'printf', '55892289aa7f5'),
('558923538f48d', '255.0.0.0', '558923539a46c'),
('558923538f48d', '255.255.255.0', '558923539a480'),
('558923538f48d', '255.255.0.0', '558923539a48b'),
('558923538f48d', 'none of these', '558923539a495'),
('55892353f05c4', '192.168.1.100', '5589235405192'),
('55892353f05c4', '172.168.16.2', '55892354051a3'),
('55892353f05c4', '10.0.0.0.1', '55892354051b4'),
('55892353f05c4', '11.11.11.11', '55892354051be'),
('558973f4389ac', 'containing root file-system required during bootup', '558973f462e44'),
('558973f4389ac', ' Contains only scripts to be executed during bootup', '558973f462e56'),
('558973f4389ac', ' Contains root-file system and drivers required to be preloaded during bootup', '558973f462e61'),
('558973f4389ac', 'None of the above', '558973f462e6b'),
('558973f4c46f2', 'Kernel', '558973f4d4abe'),
('558973f4c46f2', 'Shell', '558973f4d4acf'),
('558973f4c46f2', 'Commands', '558973f4d4ad9'),
('558973f4c46f2', 'Script', '558973f4d4ae3'),
('558973f51600d', 'Boot Loading', '558973f526f9d'),
('558973f51600d', ' Boot Record', '558973f526fb9'),
('558973f51600d', ' Boot Strapping', '558973f526fc5'),
('558973f51600d', ' Booting', '558973f526fce'),
('558973f55d269', ' Quick boot', '558973f57aef1'),
('558973f55d269', 'Cold boot', '558973f57af07'),
('558973f55d269', ' Hot boot', '558973f57af17'),
('558973f55d269', ' Fast boot', '558973f57af27'),
('558973f5abb1a', 'bash', '558973f5e7623'),
('558973f5abb1a', ' Csh', '558973f5e7636'),
('558973f5abb1a', ' ksh', '558973f5e7640'),
('558973f5abb1a', ' sh', '558973f5e764a'),
('5589751a63091', 'q', '5589751a81bd6'),
('5589751a63091', 'wq', '5589751a81be8'),
('5589751a63091', ' both (a) and (b)', '5589751a81bf4'),
('5589751a63091', ' none of the mentioned', '5589751a81bfd'),
('5589751ad32b8', ' moves screen down one page', '5589751adbdbd'),
('5589751ad32b8', 'moves screen up one page', '5589751adbdce'),
('5589751ad32b8', 'moves screen up one line', '5589751adbdd8'),
('5589751ad32b8', ' moves screen down one line', '5589751adbde2'),
('5589751b304ef', ' yy', '5589751b3b04d'),
('5589751b304ef', 'yw', '5589751b3b05e'),
('5589751b304ef', 'yc', '5589751b3b069'),
('5589751b304ef', ' none of the mentioned', '5589751b3b073'),
('5589751b749c9', 'X', '5589751b9a98c'),
('5589751b749c9', 'x', '5589751b9a9a5'),
('5589751b749c9', 'D', '5589751b9a9b7'),
('5589751b749c9', 'd', '5589751b9a9c9'),
('5589751bd02ec', 'autoindentation is not possible in vi editor', '5589751bdadaa');

-- --------------------------------------------------------

--
-- Table structure for table `questions`
--

CREATE TABLE `questions` (
  `eid` text NOT NULL,
  `qid` text NOT NULL,
  `qns` text NOT NULL,
  `choice` int(10) NOT NULL,
  `sn` int(11) NOT NULL
) ENGINE=InnoDB DEFAULT CHARSET=utf8;

--
-- Dumping data for table `questions`
--

INSERT INTO `questions` (`eid`, `qid`, `qns`, `choice`, `sn`) VALUES
('558920ff906b8', '55892169bf6a7', 'what is command for changing user information??', 4, 1),
('558920ff906b8', '5589216a3646e', 'what is permission for view only for other??', 4, 2),
('558921841f1ec', '558922117fcef', 'what is command for print in php??', 4, 1),
('558921841f1ec', '55892211e44d5', 'which is a variable of php??', 4, 2),
('5589222f16b93', '558922894c453', 'what is correct statement in c++??', 4, 1),
('5589222f16b93', '558922899ccaa', 'which command is use for print the output in c++?', 4, 2),
('558922ec03021', '558923538f48d', 'what is correct mask for A class IP???', 4, 1),
('558922ec03021', '55892353f05c4', 'which is not a private IP??', 4, 2),
('55897338a6659', '558973f4389ac', 'On Linux, initrd is a file', 4, 1),
('55897338a6659', '558973f4c46f2', 'Which is loaded into memory when system is booted?', 4, 2),
('55897338a6659', '558973f51600d', ' The process of starting up a computer is known as', 4, 3),
('55897338a6659', '558973f55d269', ' Bootstrapping is also known as', 4, 4),
('55897338a6659', '558973f5abb1a', 'The shell used for Single user mode shell is:', 4, 5),
('5589741f9ed52', '5589751a63091', ' Which command is used to close the vi editor?', 4, 1),
('5589741f9ed52', '5589751ad32b8', ' In vi editor, the key combination CTRL+f', 4, 2),
('5589741f9ed52', '5589751b304ef', ' Which vi editor command copies the current line of the file?', 4, 3),
('5589741f9ed52', '5589751b749c9', ' Which command is used to delete the character before the cursor location in vi editor?', 4, 4),
('5589741f9ed52', '5589751bd02ec', ' Which one of the following statement is true?', 4, 5);

-- --------------------------------------------------------

--
-- Table structure for table `quiz`
--

CREATE TABLE `quiz` (
  `eid` text NOT NULL,
  `title` varchar(100) NOT NULL,
  `sahi` int(11) NOT NULL,
  `wrong` int(11) NOT NULL,
  `total` int(11) NOT NULL,
  `time` bigint(20) NOT NULL,
  `intro` text NOT NULL,
  `tag` varchar(100) NOT NULL,
  `date` timestamp NOT NULL DEFAULT current_timestamp() ON UPDATE current_timestamp()
) ENGINE=InnoDB DEFAULT CHARSET=utf8;

--
-- Dumping data for table `quiz`
--

INSERT INTO `quiz` (`eid`, `title`, `sahi`, `wrong`, `total`, `time`, `intro`, `tag`, `date`) VALUES
('558920ff906b8', 'Linux : File Managment', 2, 1, 2, 5, '', 'linux', '2015-06-23 09:03:59'),
('558921841f1ec', 'Php Coding', 2, 1, 2, 5, '', 'PHP', '2015-06-23 09:06:12'),
('5589222f16b93', 'C++ Coding', 2, 1, 2, 5, '', 'c++', '2015-06-23 09:09:03'),
('558922ec03021', 'Networking', 2, 1, 2, 5, '', 'networking', '2015-06-23 09:12:12'),
('55897338a6659', 'Linux:startup', 2, 1, 5, 10, '', 'linux', '2015-06-23 14:54:48'),
('5589741f9ed52', 'Linux :vi Editor', 2, 1, 5, 10, '', 'linux', '2015-06-23 14:58:39');

-- --------------------------------------------------------

--
-- Table structure for table `rank`
--

CREATE TABLE `rank` (
  `email` varchar(50) NOT NULL,
  `score` int(11) NOT NULL,
  `time` timestamp NOT NULL DEFAULT current_timestamp() ON UPDATE current_timestamp()
) ENGINE=InnoDB DEFAULT CHARSET=utf8;

--
-- Dumping data for table `rank`
--

INSERT INTO `rank` (`email`, `score`, `time`) VALUES
('tayyabali7852@gmail.com', -2, '2018-03-14 15:49:43'),
('ali@gmail.com', -3, '2018-03-10 16:59:10');

-- --------------------------------------------------------

--
-- Table structure for table `user`
--

CREATE TABLE `user` (
  `name` varchar(50) NOT NULL,
  `gender` varchar(5) NOT NULL,
  `college` varchar(100) NOT NULL,
  `email` varchar(50) NOT NULL,
  `mob` bigint(20) NOT NULL,
  `password` varchar(50) NOT NULL
) ENGINE=InnoDB DEFAULT CHARSET=utf8;

--
-- Dumping data for table `user`
--

INSERT INTO `user` (`name`, `gender`, `college`, `email`, `mob`, `password`) VALUES
('Ali', 'M', 'iub', 'ali@gmail.com', 12345678, 'e10adc3949ba59abbe56e057f20f883e'),
('Lokesh', 'M', 'vul', 'lokeshgaria8811@gmail.com', 98765678998, '3357a7f2f96bf358d79fb79c98cabfde'),
('Tayyab', 'M', 'iub', 'tayyabali7852@gmail.com', 1234567, 'e10adc3949ba59abbe56e057f20f883e'),
('User', 'M', 'cimt', 'user@user.com', 11, 'e10adc3949ba59abbe56e057f20f883e');

--
-- Indexes for dumped tables
--

--
-- Indexes for table `admin`
--
ALTER TABLE `admin`
  ADD PRIMARY KEY (`admin_id`);

--
-- Indexes for table `user`
--
ALTER TABLE `user`
  ADD PRIMARY KEY (`email`);

--
-- AUTO_INCREMENT for dumped tables
--

--
-- AUTO_INCREMENT for table `admin`
--
ALTER TABLE `admin`
  MODIFY `admin_id` int(11) NOT NULL AUTO_INCREMENT, AUTO_INCREMENT=3;
--
-- Database: `signup`
--
CREATE DATABASE IF NOT EXISTS `signup` DEFAULT CHARACTER SET utf8mb4 COLLATE utf8mb4_general_ci;
USE `signup`;

-- --------------------------------------------------------

--
-- Table structure for table `signup`
--

CREATE TABLE `signup` (
  `ID` int(11) NOT NULL,
  `Name` varchar(225) NOT NULL,
  `Username` varchar(225) NOT NULL,
  `Email` varchar(225) NOT NULL,
  `Password` varchar(225) NOT NULL
) ENGINE=InnoDB DEFAULT CHARSET=latin1;

--
-- Dumping data for table `signup`
--

INSERT INTO `signup` (`ID`, `Name`, `Username`, `Email`, `Password`) VALUES
(1, 'lokesh', 'garia', 'lkesh@gmail.com', '2323'),
(2, 'Lokesh', 'lokesh', 'lokeshgaria8811@gmail.com', '1234'),
(3, 'Lokesh garia', 'lokesh', 'dhawantanusha@gmail.com', '1234'),
(4, 'Lokesh garia', 'lokesh', 'dhawantanusha@gmail.com', '1234'),
(5, 'Lokesh', 'lokesh', 'dhawantanusha@gmail.comm', '1234'),
(6, 'Lokesh garia', 'lokesh', 'dhawanttanusha@gmail.com', '1234'),
(7, 'Lokesh garia', 'lokesh', 'dhawanttanusha@gmail.com', '1234'),
(8, 'Lokesh garia', 'lokesh', 'singh.has.naresh48@gmail.com', '1234');

--
-- Indexes for dumped tables
--

--
-- Indexes for table `signup`
--
ALTER TABLE `signup`
  ADD PRIMARY KEY (`ID`);

--
-- AUTO_INCREMENT for dumped tables
--

--
-- AUTO_INCREMENT for table `signup`
--
ALTER TABLE `signup`
  MODIFY `ID` int(11) NOT NULL AUTO_INCREMENT, AUTO_INCREMENT=9;
--
-- Database: `test`
--
CREATE DATABASE IF NOT EXISTS `test` DEFAULT CHARACTER SET latin1 COLLATE latin1_swedish_ci;
USE `test`;
--
-- Database: `webdeveloper`
--
CREATE DATABASE IF NOT EXISTS `webdeveloper` DEFAULT CHARACTER SET utf8mb4 COLLATE utf8mb4_general_ci;
USE `webdeveloper`;

-- --------------------------------------------------------

--
-- Table structure for table `feedback`
--

CREATE TABLE `feedback` (
  `id` int(11) NOT NULL,
  `username` varchar(255) NOT NULL,
  `email` varchar(255) NOT NULL,
  `phone` varchar(255) NOT NULL,
  `message` varchar(255) NOT NULL
) ENGINE=InnoDB DEFAULT CHARSET=utf8mb4;

--
-- Dumping data for table `feedback`
--

INSERT INTO `feedback` (`id`, `username`, `email`, `phone`, `message`) VALUES
(1, 'lokesh', 'lokesh@gmail.com', '8076298443', 'this is awesome'),
(2, 'lokesh', 'lokesh@gmail.com', '8076298443', 'this is awesome'),
(4, 'kamla', 'kamla@gmail.com', '82894289', 'hahaha');

--
-- Indexes for dumped tables
--

--
-- Indexes for table `feedback`
--
ALTER TABLE `feedback`
  ADD PRIMARY KEY (`id`);

--
-- AUTO_INCREMENT for dumped tables
--

--
-- AUTO_INCREMENT for table `feedback`
--
ALTER TABLE `feedback`
  MODIFY `id` int(11) NOT NULL AUTO_INCREMENT, AUTO_INCREMENT=5;
COMMIT;

/*!40101 SET CHARACTER_SET_CLIENT=@OLD_CHARACTER_SET_CLIENT */;
/*!40101 SET CHARACTER_SET_RESULTS=@OLD_CHARACTER_SET_RESULTS */;
/*!40101 SET COLLATION_CONNECTION=@OLD_COLLATION_CONNECTION */;
